dropout_rate,test_accuracy,test_f1_macro,test_f1_weighted
0.1,0.53125,0.4242604617604617,0.516110321969697
0.2,0.453125,0.31482830013564644,0.444721835510816
0.3,0.265625,0.12833462833462833,0.18901757964257965
