version,train_size,test_accuracy,test_f1_macro,test_f1_weighted,delta_f1_macro
v1 (original 478),478,0.5,0.4096031746031746,0.4840997023809524,
v2 (augmented 578),578,0.546875,0.45329232171337436,0.5455506664388243,0.04368914711019978
